"","Observed","Chao1","se.chao1","ACE","se.ACE","Shannon","Simpson","InvSimpson","Fisher","Pielou","Coverage"
"joans14",65,101.142857142857,20.8150969523399,92.4885296480797,4.94015217949949,1.69761929476454,0.699173591836735,3.32417624538228,9.90554453014671,0.406675084270986,0.996714285714286
"joans21",98,111.04347826087,6.96240041730635,122.979399279421,5.77871817905544,2.21746855952123,0.80355518367347,5.09048810093212,16.13111429914,0.483638885081948,0.996428571428571
"joans29",104,150.866666666667,20.5160669380516,167.17202732316,7.45781538099308,2.31302492492165,0.823596734693878,5.66882930576508,17.3211950037349,0.498025462359181,0.994571428571429
"joans41",160,211.272727272727,19.7241265538613,212.488035650649,7.60682587657564,3.1994780067453,0.914893020408163,11.7499176306795,29.1726272578886,0.63041742474743,0.993142857142857
"joans44",122,258.111111111111,58.9671191217429,218.339592277635,8.2611399869842,2.72797181557996,0.875684244897959,8.04403270670865,20.9886005896901,0.567851762133866,0.992857142857143
"joans49",99,765,222.141349336334,157.944780460778,6.93923496830188,2.75071830391374,0.883385102040816,8.57523367511764,16.3282962105246,0.598617314373895,0.994714285714286
"joans51",118,142.166666666667,11.6342382480521,147.331819069913,6.42309095213773,2.89272843665863,0.883957918367347,8.61756343845704,20.1613892220025,0.606354991865057,0.995714285714286
"joans56",83,100.769230769231,10.0157370964749,109.858931953036,5.29271809582025,2.57702710135818,0.861122897959184,7.20061108206375,13.231394673792,0.583190780136145,0.996857142857143
"joans57",84,115.5,15.9443097124142,130.0143729788,6.86033718742171,2.37017236569128,0.814822367346939,5.40022024081896,13.4212295063106,0.534928992394816,0.996
