"","Observed","Chao1","se.chao1","ACE","se.ACE","Shannon","Simpson","InvSimpson","Fisher","Pielou","Coverage"
"charles41",95,206,56.473405987887,159.162257449531,6.8051173309551,3.02527786114778,0.928784816326531,14.0419493205989,15.5424066562766,0.664330181329187,0.994714285714286
"charles46",120,157.1875,16.75925302696,153.301104906375,6.27354749007127,2.41373660506195,0.839939836734694,6.24765075581274,20.5741401448246,0.504175617368127,0.995
"charles49",93,118,13.0132528513952,118.578030859808,5.51422420127916,1.81391741816764,0.692521142857143,3.25225613654272,15.1523247231901,0.400193624190193,0.996285714285714
"charles50",120,206.25,36.2689910125698,188.061975382115,7.71603803703484,2.78265383873389,0.893697469387755,9.40711377462552,20.5741401448246,0.581234180284324,0.993428571428571
"charles51",151,216.045454545455,23.8302111640088,227.686819778446,8.33205025474865,3.12150298815007,0.917105959183673,12.0635933554713,27.1829583556988,0.622150465924912,0.992285714285714
"charles55",100,106,4.16117499734036,113.10435812295,5.34413425973679,2.88889045661476,0.895550448979592,9.57399998593208,16.5259471416277,0.627314592065379,0.997714285714286
"charles57",129,194,28.6511292355456,172.707160360759,6.82174206499437,2.84539160309633,0.887334571428571,8.87583718164273,22.4524850121501,0.585494123300438,0.994285714285714
