"","Observed","Chao1","se.chao1","ACE","se.ACE","Shannon","Simpson","InvSimpson","Fisher","Pielou","Coverage"
"ophelia19",104,114.2,6.41554777395742,116.108845970434,5.24587834716208,2.77164441622098,0.861964612244898,7.24451907777568,17.3211950037349,0.596772424287841,0.997428571428571
"ophelia37",137,174.434782608696,15.2451863868643,189.012910667113,7.32964167156485,2.68128530919495,0.845098285714286,6.45570647562694,24.1502724006579,0.544978801669569,0.994
"ophelia43",116,155.428571428571,22.3591540230353,139.06988034948,5.85813583378701,3.1477172043976,0.899681551020408,9.96825618988022,19.7503613965095,0.662176813282466,0.996571428571429
"ophelia45",201,359.142857142857,50.2708839427417,350.432818634292,10.5818667508934,3.34243834548461,0.917235265306122,12.0824407122032,38.6122671908172,0.630255737399774,0.988285714285714
"ophelia48",179,202.27027027027,9.5047567164372,219.607999361806,7.49785755426744,3.40264044569578,0.916427673469388,11.9656833968084,33.4722066296498,0.655945127864706,0.994
"ophelia49",166,231.333333333333,25.3954477735903,223.262927421488,7.85365147439647,3.34309596139833,0.912931918367347,11.4852651080459,30.5160347256425,0.653971820709905,0.993
"ophelia55",173,283,42.3353175952022,247.898275529885,8.24341432629199,3.46426543067393,0.932570489795918,14.8303019994274,32.1001714651609,0.672243238549271,0.992
"ophelia57",137,187.647058823529,21.044205979167,206.405815528345,7.9521210184955,3.39132563775439,0.938986571428571,16.3898345563272,24.1502724006579,0.689296501120798,0.994
"ophelia59",184,235.483870967742,17.9872990214685,263.28,8.92715900280304,3.6872040575924,0.954680408163265,22.0655120549747,34.6254467400344,0.707046880148522,0.991857142857143
