"","Observed","Chao1","se.chao1","ACE","se.ACE","Shannon","Simpson","InvSimpson","Fisher","Pielou","Coverage"
"grogu22",64,103.428571428571,22.3552492358951,100.335514858019,5.15574286274127,0.974110097242338,0.355367020408163,1.55127030676149,9.7260914306077,0.234223967761898,0.996571428571429
"grogu36",97,140.588235294118,18.673611414425,175.140526331288,7.78694069361563,1.29464385152227,0.438617714285714,1.78131734015731,15.9344037829937,0.283000140906347,0.994428571428571
"grogu37",70,80.5555555555556,6.31329446577196,92.4108929555407,4.92133112322428,0.713230710205326,0.222716612244898,1.28653206250571,10.81148394786,0.167878429789951,0.997142857142857
"grogu41",106,158,22.3042786003461,166.308685397443,7.36817080233939,1.44092009832036,0.463472204081633,1.86383633356463,17.721574281509,0.308982291661025,0.994285714285714
"grogu45",119,160,16.769172869589,179.109392265193,7.64525054187985,2.8668804103054,0.898768857142857,9.87838299337584,20.3675501542765,0.59987577522063,0.994
"grogu50",66,76,6.65610457175783,84.4596733884297,4.87510826490345,1.49624584893437,0.541663346938775,2.18180237893045,10.0855822575984,0.357128675526776,0.997714285714286
"grogu56",68,77.5454545454545,6.56572632431682,79.5965487957067,4.27980348987578,1.10822558604375,0.377524816326531,1.60648974646444,10.4473922476858,0.262643337440594,0.997857142857143
"grogu70",85,103.4,9.91629462212988,112.07144618347,5.49124978553333,1.31454896127625,0.461433836734694,1.85678207843032,13.6115741715955,0.295892899393309,0.996571428571429
